Año,Concepto,Presupuesto,Liquidación
2024,Órganos de gobierno personal directivo,150000.00,150088.75
2024,Personal funcionario,1465849.39,1337647.00
2024,Personal laboral,2943829.01,3354875.26
2024,Incentivos al rendimiento,251739.28,227975.40
2024,"Cuotas, prestaciones y gastos sociales a cargo del empleador",1495219.40,1499823.44
2024,Arrendamientos y cánones,47468.00,51859.18
2024,"Reparaciones, mantenimientos y conservación",257930.00,234315.22
2024,"Material, suministros y otros",3750123.46,4156663.74
2024,Indemnizaciones por razón de servicio,43246.46,50706.62
2024,Gastos de edición y distribución,3500.00,3120.00
2024,Trasbajos realizados por AAPP. Y EEPP,962415.99,898984.38
2024,Trabajos realizados por instituciones sin fines de lucro,94700.00,156116.61
2024,De préstamos y otras operaciones financieras,95178.00,86466.37
2024,Intereses de demora y otros gastos financieros,34000.00,5131.21
2024,A la Administración del Estado,12000.00,0.00
2024,A entidades locales,9050.00,9030.65
2024,A empresas privadas,0.00,0.00
2024,A familias e instituciones sin ánimo de lucro,281300.00,265957.17
2024,Al exterior,0.00,0.00
2024,Fondo de contingencia,30000.00,0.00
2024,Inversión nueva en bienes e infraestructuras de interés general,50000.00,278884.90
2024,Inversiones en reposición de infra. destinados al uso general,10800.00,137090.34
2024,Inversión nueva asociada al funcio. operativo de los servicios,20100.00,194661.73
2024,Inversión de reposición asoc al funcio operativo de los servicios,23651.00,85481.35
2024,Gastos e inversiones de carácter inmaterial,1276.15,36380.67
2024,Gastos e inversiones de bienes patrimoniales,0.00,0.00
2024,A la Administración del Estado,0.00,0.00
2024,A la Administración general de la CCAA,0.00,0.00
2024,Vehículos,0.00,0.00
2024,Concesión de préstamos fuera del sector primario,5000.00,2100.00
2024,Adquisición de acciones y participaciones fuera del sector público,0.00,0.00
2024,Amortización de ope. Y prestamos en curso,69426.29,68864.24
2023,Órganos de gobierno personal directivo,136584.00,144805.90
2023,Personal funcionario,1393155.43,1260876.10
2023,Personal laboral,2742673.34,3551125.79
2023,Incentivos al rendimiento,169676.63,171115.76
2023,"Cuotas, prestaciones y gastos sociales a cargo del empleador",1429185.20,1555278.79
2023,Arrendamientos y cánones,44425.00,37389.00
2023,"Reparaciones, mantenimientos y conservación",290900.00,283439.46
2023,"Material, suministros y otros",4093188.77,4346529.12
2023,Indemnizaciones por razón de servicio,50900.00,35794.42
2023,Gastos de edición y distribución,2000.00,0.00
2023,Trasbajos realizados por AAPP. Y EEPP,763058.66,734183.92
2023,Trabajos realizados por instituciones sin fines de lucro,112200.00,98834.00
2023,De préstamos y otras operaciones financieras,35160.00,21000.40
2023,Intereses de demora y otros gastos financieros,22000.00,32049.35
2023,A la Administración del Estado,0.00,0.00
2023,A entidades locales,7700.00,7623.32
2023,A empresas privadas,0.00,0.00
2023,A familias e instituciones sin ánimo de lucro,326800.00,329610.15
2023,Al exterior,0.00,0.00
2023,Fondo de contingencia,10000.00,0.00
2023,Inversión nueva en bienes e infraestructuras de interés general,50000.00,130042.13
2023,Inversiones en reposición de infra. destinados al uso general,29140.97,744824.11
2023,Inversión nueva asociada al funcio. operativo de los servicios,60000.00,291022.86
2023,Inversión de reposición asoc al funcio operativo de los servicios,18000.00,61201.76
2023,Gastos e inversiones de carácter inmaterial,0.00,11349.80
2023,Gastos e inversiones de bienes patrimoniales,70000.00,397476.43
2023,A la Administración del Estado,0.00,0.00
2023,A la Administración general de la CCAA,0.00,3721.15
2023,Vehículos,0.00,0.00
2023,Concesión de préstamos fuera del sector primario,10000.00,6713.60
2023,Adquisición de acciones y participaciones fuera del sector público,0.00,0.00
2023,Amortización de ope. Y prestamos en curso,68252.00,55592.74
2022,Órganos de gobierno personal directivo,136584.00,136584.00
2022,Personal funcionario,1336512.64,1199489.32
2022,Personal laboral,2631195.20,3471434.59
2022,Incentivos al rendimiento,137454.64,174395.16
2022,"Cuotas, prestaciones y gastos sociales a cargo del empleador",1401745.92,1553459.65
2022,Arrendamientos y cánones,44519.38,37389.00
2022,"Reparaciones, mantenimientos y conservación",313200.00,317044.70
2022,"Material, suministros y otros",3982277.60,4610417.93
2022,Indemnizaciones por razón de servicio,38400.00,38678.95
2022,Gastos de edición y distribución,3000.00,1560.00
2022,Trasbajos realizados por AAPP. Y EEPP,708590.19,678384.23
2022,Trabajos realizados por instituciones sin fines de lucro,103544.61,110334.25
2022,De préstamos y otras operaciones financieras,6000.00,2711.28
2022,Intereses de demora y otros gastos financieros,8000.00,9685.39
2022,A la Administración del Estado,0.00,0.00
2022,A entidades locales,7700.00,7623.32
2022,A empresas privadas,20500.00,20080.74
2022,A familias e instituciones sin ánimo de lucro,356439.10,356602.24
2022,Al exterior,0.00,0.00
2022,Fondo de contingencia,25000.00,0.00
2022,Inversión nueva en bienes e infraestructuras de interés general,0.00,125841.35
2022,Inversiones en reposición de infra. destinados al uso general,95000.00,372877.39
2022,Inversión nueva asociada al funcio. operativo de los servicios,271303.38,240474.93
2022,Inversión de reposición asoc al funcio operativo de los servicios,28000.00,166441.95
2022,Gastos e inversiones de carácter inmaterial,15000.00,3630.00
2022,Gastos e inversiones de bienes patrimoniales,0.00,413072.57
2022,A la Administración del Estado,0.00,0.00
2022,A la Administración general de la CCAA,0.00,0.00
2022,Vehículos,0.00,0.00
2022,Concesión de préstamos fuera del sector primario,10000.00,8271.80
2022,Adquisición de acciones y participaciones fuera del sector público,0.00,0.00
2022,Amortización de ope. Y prestamos en curso,55533.34,59050.54
2021,Órganos de gobierno personal directivo,136584.00,136584.00
2021,Personal funcionario,1359519.07,1200013.91
2021,Personal laboral,2745955.85,3194669.12
2021,Incentivos al rendimiento,143605.91,85408.03
2021,"Cuotas, prestaciones y gastos sociales a cargo del empleador",1352840.78,1342518.41
2021,Arrendamientos y cánones,53200.00,26294.86
2021,"Reparaciones, mantenimientos y conservación",291000.00,281713.05
2021,"Material, suministros y otros",3726161.77,3874212.24
2021,Indemnizaciones por razón de servicio,38516.00,37145.79
2021,Gastos de edición y distribución,2500.00,3458.21
2021,Trasbajos realizados por AAPP. Y EEPP,639400.00,602945.03
2021,Trabajos realizados por instituciones sin fines de lucro,109700.00,58106.75
2021,De préstamos y otras operaciones financieras,6000.00,1634.78
2021,Intereses de demora y otros gastos financieros,10000.00,9161.02
2021,A la Administración del Estado,0.00,0.00
2021,A entidades locales,7700.00,0.00
2021,A empresas privadas,19000.00,6099.99
2021,A familias e instituciones sin ánimo de lucro,343439.10,307251.54
2021,Al exterior,0.00,0.00
2021,Fondo de contingencia,36000.00,0.00
2021,Inversión nueva en bienes e infraestructuras de interés general,0.00,219970.27
2021,Inversiones en reposición de infra. destinados al uso general,161000.00,477503.19
2021,Inversión nueva asociada al funcio. operativo de los servicios,10000.00,75060.94
2021,Inversión de reposición asoc al funcio operativo de los servicios,49000.00,639874.04
2021,Gastos e inversiones de carácter inmaterial,6000.00,21845.04
2021,Gastos e inversiones de bienes patrimoniales,0.00,0.00
2021,A la Administración del Estado,0.00,0.00
2021,A la Administración general de la CCAA,0.00,0.00
2021,Vehículos,0.00,0.00
2021,Concesión de préstamos fuera del sector primario,10000.00,9377.59
2021,Adquisición de acciones y participaciones fuera del sector público,0.00,0.00
2021,Amortización de ope. Y prestamos en curso,48200.00,49208.41
2020,Órganos de gobierno personal directivo,136584.00,154988.33
2020,Personal funcionario,1332479.24,1212640.69
2020,Personal laboral,2636929.87,3340669.96
2020,Incentivos al rendimiento,145182.35,113117.26
2020,"Cuotas, prestaciones y gastos sociales a cargo del empleador",1392480.14,1305912.81
2020,Arrendamientos y cánones,19900.00,30291.12
2020,"Reparaciones, mantenimientos y conservación",251457.09,296592.34
2020,"Material, suministros y otros",3707397.33,3583761.10
2020,Indemnizaciones por razón de servicio,51400.00,37518.45
2020,Gastos de edición y distribución,2500.00,3120.00
2020,Trasbajos realizados por AAPP. Y EEPP,621537.02,625295.50
2020,Trabajos realizados por instituciones sin fines de lucro,103700.00,43920.05
2020,De préstamos y otras operaciones financieras,6320.00,2964.60
2020,Intereses de demora y otros gastos financieros,3000.00,4978.80
2020,A la Administración del Estado,0.00,0.00
2020,A entidades locales,13687.00,7623.32
2020,A empresas privadas,50000.00,62699.90
2020,A familias e instituciones sin ánimo de lucro,371242.20,350876.61
2020,Al exterior,0.00,0.00
2020,Fondo de contingencia,30000.00,0.00
2020,Inversión nueva en bienes e infraestructuras de interés general,0.00,40234.48
2020,Inversiones en reposición de infra. destinados al uso general,6946.78,233950.81
2020,Inversión nueva asociada al funcio. operativo de los servicios,17284.71,113993.18
2020,Inversión de reposición asoc al funcio operativo de los servicios,94000.00,179023.95
2020,Gastos e inversiones de carácter inmaterial,0.00,25248.86
2020,Gastos e inversiones de bienes patrimoniales,0.00,0.00
2020,A la Administración del Estado,0.00,0.00
2020,A la Administración general de la CCAA,0.00,15113.21
2020,Vehículos,0.00,0.00
2020,Concesión de préstamos fuera del sector primario,8000.00,8000.00
2020,Adquisición de acciones y participaciones fuera del sector público,0.00,0.00
2020,Amortización de ope. Y prestamos en curso,48200.00,48591.24
2019,Órganos de gobierno personal directivo,87253.04,85280.98
2019,Personal funcionario,1275188.18,917215.19
2019,Personal laboral,2570229.37,2586974.82
2019,Incentivos al rendimiento,135893.69,74657.22
2019,"Cuotas, prestaciones y gastos sociales a cargo del empleador",1294054.83,1287125.25
2019,Arrendamientos y cánones,15200.00,10702.53
2019,"Reparaciones, mantenimientos y conservación",216099.26,256900.80
2019,"Material, suministros y otros",3707267.63,4236113.03
2019,Indemnizaciones por razón de servicio,51700.00,46296.94
2019,Gastos de edición y distribución,2500.00,1560.00
2019,Trasbajos realizados por AAPP. Y EEPP,524500.00,588614.97
2019,Trabajos realizados por instituciones sin fines de lucro,103700.00,100966.85
2019,De préstamos y otras operaciones financieras,7820.00,2841.75
2019,Intereses de demora y otros gastos financieros,3000.00,1175.02
2019,A la Administración del Estado,0.00,0.00
2019,A entidades locales,123879.59,51894.59
2019,A empresas privadas,50000.00,15950.00
2019,A familias e instituciones sin ánimo de lucro,297710.00,197406.56
2019,Al exterior,0.00,0.00
2019,Fondo de contingencia,180000.00,0.00
2019,Inversión nueva en bienes e infraestructuras de interés general,17000.00,182168.06
2019,Inversiones en reposición de infra. destinados al uso general,0.00,232679.59
2019,Inversión nueva asociada al funcio. operativo de los servicios,31000.00,100459.50
2019,Inversión de reposición asoc al funcio operativo de los servicios,24479.50,478133.56
2019,Gastos e inversiones de carácter inmaterial,0.00,0.00
2019,Gastos e inversiones de bienes patrimoniales,0.00,0.00
2019,A la Administración del Estado,0.00,0.00
2019,A la Administración general de la CCAA,0.00,0.00
2019,Vehículos,0.00,0.00
2019,Concesión de préstamos fuera del sector primario,12000.00,6855.26
2019,Adquisición de acciones y participaciones fuera del sector público,0.00,0.00
2019,Amortización de ope. Y prestamos en curso,48200.00,48123.19
2018,Órganos de gobierno personal directivo,87253.04,78083.04
2018,Personal funcionario,1230349.79,1033591.87
2018,Personal laboral,2329104.99,2756559.18
2018,Incentivos al rendimiento,132560.29,84303.28
2018,"Cuotas, prestaciones y gastos sociales a cargo del empleador",1188443.15,1060533.33
2018,Arrendamientos y cánones,15200.00,17857.55
2018,"Reparaciones, mantenimientos y conservación",183300.00,325577.37
2018,"Material, suministros y otros",4244265.15,4691799.22
2018,Indemnizaciones por razón de servicio,63700.00,48760.52
2018,Gastos de edición y distribución,2500.00,2174.40
2018,Trasbajos realizados por AAPP. Y EEPP,0.00,522880.40
2018,Trabajos realizados por instituciones sin fines de lucro,103700.00,112987.74
2018,De préstamos y otras operaciones financieras,18695.63,3695.39
2018,Intereses de demora y otros gastos financieros,10000.00,407.22
2018,A la Administración del Estado,0.00,0.00
2018,A entidades locales,121940.95,121901.19
2018,A empresas privadas,84000.00,38300.00
2018,A familias e instituciones sin ánimo de lucro,323807.59,319999.71
2018,Al exterior,0.00,0.00
2018,Fondo de contingencia,30000.00,0.00
2018,Inversión nueva en bienes e infraestructuras de interés general,0.00,17892.56
2018,Inversiones en reposición de infra. destinados al uso general,37493.30,387891.15
2018,Inversión nueva asociada al funcio. operativo de los servicios,73532.91,160882.90
2018,Inversión de reposición asoc al funcio operativo de los servicios,56164.34,369411.83
2018,Gastos e inversiones de carácter inmaterial,0.00,0.00
2018,Gastos e inversiones de bienes patrimoniales,0.00,0.00
2018,A la Administración del Estado,0.00,0.00
2018,A la Administración general de la CCAA,0.00,0.00
2018,Vehículos,0.00,0.00
2018,Concesión de préstamos fuera del sector primario,12000.00,10909.78
2018,Adquisición de acciones y participaciones fuera del sector público,0.00,0.00
2018,Amortización de ope. Y prestamos en curso,141358.87,141358.87
2017,Órganos de gobierno personal directivo,87253.04,101683.04
2017,Personal funcionario,1200863.41,973174.15
2017,Personal laboral,2279143.88,2840541.89
2017,Incentivos al rendimiento,128237.07,93769.81
2017,"Cuotas, prestaciones y gastos sociales a cargo del empleador",1145233.65,1270002.93
2017,Arrendamientos y cánones,15200.00,17716.61
2017,"Reparaciones, mantenimientos y conservación",214300.00,203971.23
2017,"Material, suministros y otros",3510915.85,3152775.60
2017,Indemnizaciones por razón de servicio,54900.00,59357.50
2017,Gastos de edición y distribución,2000.00,3579.80
2017,Trasbajos realizados por AAPP. Y EEPP,0.00,0.00
2017,Trabajos realizados por instituciones sin fines de lucro,106700.00,94282.03
2017,De préstamos y otras operaciones financieras,53836.00,21314.81
2017,Intereses de demora y otros gastos financieros,10000.00,297.67
2017,A la Administración del Estado,0.00,0.00
2017,A entidades locales,661549.84,668047.00
2017,A empresas privadas,66000.00,36300.00
2017,A familias e instituciones sin ánimo de lucro,357029.00,246775.83
2017,Al exterior,0.00,0.00
2017,Fondo de contingencia,20000.00,0.00
2017,Inversión nueva en bienes e infraestructuras de interés general,0.00,51901.93
2017,Inversiones en reposición de infra. destinados al uso general,32000.00,333586.96
2017,Inversión nueva asociada al funcio. operativo de los servicios,77600.00,701213.64
2017,Inversión de reposición asoc al funcio operativo de los servicios,71000.00,461823.37
2017,Gastos e inversiones de carácter inmaterial,0.00,0.00
2017,Gastos e inversiones de bienes patrimoniales,0.00,0.00
2017,A la Administración del Estado,0.00,0.00
2017,A la Administración general de la CCAA,0.00,0.00
2017,Vehículos,0.00,0.00
2017,Concesión de préstamos fuera del sector primario,12000.00,1700.00
2017,Adquisición de acciones y participaciones fuera del sector público,0.00,0.00
2017,Amortización de ope. Y prestamos en curso,182590.00,1115080.42
2016,Órganos de gobierno personal directivo,87253.04,87253.04
2016,Personal funcionario,1215290.99,1034333.14
2016,Personal laboral,2360144.22,2832695.18
2016,Incentivos al rendimiento,130564.36,47659.58
2016,"Cuotas, prestaciones y gastos sociales a cargo del empleador",1098550.54,1110334.62
2016,Arrendamientos y cánones,14200.00,10164.00
2016,"Reparaciones, mantenimientos y conservación",172700.00,176529.89
2016,"Material, suministros y otros",3240344.85,2943522.65
2016,Indemnizaciones por razón de servicio,44100.00,43092.99
2016,Gastos de edición y distribución,3000.00,5515.88
2016,Trasbajos realizados por AAPP. Y EEPP,0.00,0.00
2016,Trabajos realizados por instituciones sin fines de lucro,106700.00,110514.00
2016,De préstamos y otras operaciones financieras,59363.00,27659.76
2016,Intereses de demora y otros gastos financieros,10000.00,142.19
2016,A la Administración del Estado,0.00,0.00
2016,A entidades locales,676687.00,395233.14
2016,A empresas privadas,30250.00,29150.00
2016,A familias e instituciones sin ánimo de lucro,347359.00,245002.89
2016,Al exterior,0.00,0.00
2016,Fondo de contingencia,0.00,0.00
2016,Inversión nueva en bienes e infraestructuras de interés general,0.00,17750.72
2016,Inversiones en reposición de infra. destinados al uso general,10000.00,555517.83
2016,Inversión nueva asociada al funcio. operativo de los servicios,29050.00,223887.37
2016,Inversión de reposición asoc al funcio operativo de los servicios,9645.00,67469.94
2016,Gastos e inversiones de carácter inmaterial,0.00,0.00
2016,Gastos e inversiones de bienes patrimoniales,0.00,0.00
2016,A la Administración del Estado,0.00,23304.57
2016,A la Administración general de la CCAA,0.00,0.00
2016,Vehículos,0.00,0.00
2016,Concesión de préstamos fuera del sector primario,16000.00,18752.90
2016,Adquisición de acciones y participaciones fuera del sector público,0.00,0.00
2016,Amortización de ope. Y prestamos en curso,243198.00,243985.94
2015,Órganos de gobierno personal directivo,94556.56,85470.17
2015,Personal funcionario,1194744.83,1044852.77
2015,Personal laboral,2376281.08,2542220.54
2015,Incentivos al rendimiento,127626.37,34011.25
2015,"Cuotas, prestaciones y gastos sociales a cargo del empleador",1159271.05,1135989.01
2015,Arrendamientos y cánones,14200.00,16164.00
2015,"Reparaciones, mantenimientos y conservación",205000.00,220427.62
2015,"Material, suministros y otros",2603955.00,2834082.82
2015,Indemnizaciones por razón de servicio,42400.00,45874.54
2015,Gastos de edición y distribución,0.00,0.00
2015,Trasbajos realizados por AAPP. Y EEPP,0.00,0.00
2015,Trabajos realizados por instituciones sin fines de lucro,107000.00,116608.00
2015,De préstamos y otras operaciones financieras,65587.00,34966.58
2015,Intereses de demora y otros gastos financieros,10000.00,146.11
2015,A la Administración del Estado,0.00,0.00
2015,A entidades locales,636741.00,641319.16
2015,A empresas privadas,44000.00,31900.00
2015,A familias e instituciones sin ánimo de lucro,301270.00,240871.14
2015,Al exterior,3000.00,0.00
2015,Fondo de contingencia,0.00,0.00
2015,Inversión nueva en bienes e infraestructuras de interés general,0.00,63160.47
2015,Inversiones en reposición de infra. destinados al uso general,0.00,540502.27
2015,Inversión nueva asociada al funcio. operativo de los servicios,6574.00,92202.55
2015,Inversión de reposición asoc al funcio operativo de los servicios,10000.00,256711.19
2015,Gastos e inversiones de carácter inmaterial,0.00,0.00
2015,Gastos e inversiones de bienes patrimoniales,0.00,0.00
2015,A la Administración del Estado,0.00,24447.00
2015,A la Administración general de la CCAA,,0.00
2015,Vehículos,0.00,0.00
2015,Concesión de préstamos fuera del sector primario,16000.00,11762.50
2015,Adquisición de acciones y participaciones fuera del sector público,0.00,0.00
2015,Amortización de ope. Y prestamos en curso,303292.00,405310.87
2014,Órganos de gobierno personal directivo,94556.56,94556.56
2014,Personal funcionario,1180735.69,1056730.50
2014,Personal laboral,2196471.27,2380363.54
2014,Incentivos al rendimiento,126207.20,19987.46
2014,"Cuotas, prestaciones y gastos sociales a cargo del empleador",1112213.51,1130780.89
2014,Arrendamientos y cánones,15000.00,29643.43
2014,"Reparaciones, mantenimientos y conservación",209700.00,196361.77
2014,"Material, suministros y otros",3127470.00,3151637.41
2014,Indemnizaciones por razón de servicio,44500.00,41935.57
2014,Gastos de edición y distribución,0.00,0.00
2014,Trasbajos realizados por AAPP. Y EEPP,0.00,0.00
2014,Trabajos realizados por instituciones sin fines de lucro,99000.00,96996.00
2014,De préstamos y otras operaciones financieras,92100.00,73471.88
2014,Intereses de demora y otros gastos financieros,10000.00,17735.87
2014,A la Administración del Estado,40000.00,17769.48
2014,A entidades locales,724660.00,797002.80
2014,A empresas privadas,50000.00,19800.00
2014,A familias e instituciones sin ánimo de lucro,303692.00,287303.58
2014,Al exterior,3000.00,0.00
2014,Fondo de contingencia,0.00,0.00
2014,Inversión nueva en bienes e infraestructuras de interés general,100000.00,205044.60
2014,Inversiones en reposición de infra. destinados al uso general,170000.00,71212.89
2014,Inversión nueva asociada al funcio. operativo de los servicios,89652.00,50132.15
2014,Inversión de reposición asoc al funcio operativo de los servicios,84000.00,138957.13
2014,Gastos e inversiones de carácter inmaterial,3500.00,40043.14
2014,Gastos e inversiones de bienes patrimoniales,0.00,19529.88
2014,A la Administración del Estado,0.00,25084.77
2014,A la Administración general de la CCAA,0.00,0.00
2014,Vehículos,0.00,0.00
2014,Concesión de préstamos fuera del sector primario,16000.00,13849.72
2014,Adquisición de acciones y participaciones fuera del sector público,0.00,0.00
2014,Amortización de ope. Y prestamos en curso,298900.00,755508.66
2013,Órganos de gobierno personal directivo,94556.56,94556.56
2013,Personal funcionario,1175493.96,1023959.98
2013,Personal laboral,2110897.20,2259295.90
2013,Incentivos al rendimiento,126207.20,24378.22
2013,"Cuotas, prestaciones y gastos sociales a cargo del empleador",1080355.15,1085556.19
2013,Arrendamientos y cánones,20800.00,17093.69
2013,"Reparaciones, mantenimientos y conservación",224100.00,224969.59
2013,"Material, suministros y otros",3380178.00,3354351.76
2013,Indemnizaciones por razón de servicio,43300.00,38599.64
2013,Gastos de edición y distribución,0.00,0.00
2013,Trasbajos realizados por AAPP. Y EEPP,0.00,0.00
2013,Trabajos realizados por instituciones sin fines de lucro,98000.00,94916.40
2013,De préstamos y otras operaciones financieras,196050.00,92995.71
2013,Intereses de demora y otros gastos financieros,30000.00,18348.82
2013,A la Administración del Estado,40000.00,84678.96
2013,A entidades locales,792820.00,753664.91
2013,A empresas privadas,8000.00,0.00
2013,A familias e instituciones sin ánimo de lucro,286542.00,249818.47
2013,Al exterior,3000.00,0.00
2013,Fondo de contingencia,0.00,0.00
2013,Inversión nueva en bienes e infraestructuras de interés general,36890.00,39251.20
2013,Inversiones en reposición de infra. destinados al uso general,10000.00,322019.35
2013,Inversión nueva asociada al funcio. operativo de los servicios,71000.00,103493.91
2013,Inversión de reposición asoc al funcio operativo de los servicios,28706.00,30475.37
2013,Gastos e inversiones de carácter inmaterial,0.00,0.00
2013,Gastos e inversiones de bienes patrimoniales,0.00,0.00
2013,A la Administración del Estado,0.00,0.00
2013,A la Administración general de la CCAA,0.00,0.00
2013,Vehículos,0.00,0.00
2013,Concesión de préstamos fuera del sector primario,16000.00,13556.22
2013,Adquisición de acciones y participaciones fuera del sector público,0.00,610.00
2013,Amortización de ope. Y prestamos en curso,566434.35,566507.28
2012,Órganos de gobierno personal directivo,94556.56,87802.52
2012,Personal funcionario,1149373.78,971592.56
2012,Personal laboral,2072927.67,2164343.51
2012,Incentivos al rendimiento,126207.20,9068.28
2012,"Cuotas, prestaciones y gastos sociales a cargo del empleador",1092334.72,1053934.53
2012,Arrendamientos y cánones,15800.00,18013.47
2012,"Reparaciones, mantenimientos y conservación",266100.00,229348.46
2012,"Material, suministros y otros",3357157.00,3072113.61
2012,Indemnizaciones por razón de servicio,43300.00,30509.58
2012,Gastos de edición y distribución,0.00,0.00
2012,Trasbajos realizados por AAPP. Y EEPP,0.00,0.00
2012,Trabajos realizados por instituciones sin fines de lucro,97600.00,95681.00
2012,De préstamos y otras operaciones financieras,213179.94,167944.14
2012,Intereses de demora y otros gastos financieros,30000.00,8706.62
2012,A la Administración del Estado,40000.00,10669.91
2012,A entidades locales,759300.00,734076.30
2012,A empresas privadas,0.00,0.00
2012,A familias e instituciones sin ánimo de lucro,249770.00,208837.96
2012,Al exterior,3000.00,0.00
2012,Fondo de contingencia,0.00,0.00
2012,Inversión nueva en bienes e infraestructuras de interés general,10000.00,0.00
2012,Inversiones en reposición de infra. destinados al uso general,62500.00,24563.00
2012,Inversión nueva asociada al funcio. operativo de los servicios,106000.00,42102.89
2012,Inversión de reposición asoc al funcio operativo de los servicios,30706.00,11142.13
2012,Gastos e inversiones de carácter inmaterial,0.00,0.00
2012,Gastos e inversiones de bienes patrimoniales,0.00,0.00
2012,A la Administración del Estado,0.00,0.00
2012,A la Administración general de la CCAA,0.00,0.00
2012,Vehículos,0.00,0.00
2012,Concesión de préstamos fuera del sector primario,16000.00,17438.10
2012,Adquisición de acciones y participaciones fuera del sector público,0.00,0.00
2012,Amortización de ope. Y prestamos en curso,539337.74,542653.83
2011,Órganos de gobierno personal directivo,94556.56,93458.21
2011,Personal funcionario,1200151.91,1033141.08
2011,Personal laboral,2002370.52,2713989.58
2011,Incentivos al rendimiento,126764.48,25108.45
2011,"Cuotas, prestaciones y gastos sociales a cargo del empleador",1089953.37,1232311.82
2011,Arrendamientos y cánones,7500.00,4641.14
2011,"Reparaciones, mantenimientos y conservación",248587.24,291206.24
2011,"Material, suministros y otros",3554902.78,3649726.00
2011,Indemnizaciones por razón de servicio,42800.00,43907.01
2011,Gastos de edición y distribución,0.00,0.00
2011,Trasbajos realizados por AAPP. Y EEPP,0.00,0.00
2011,Trabajos realizados por instituciones sin fines de lucro,117500.00,101112.24
2011,De préstamos y otras operaciones financieras,125525.39,113367.80
2011,Intereses de demora y otros gastos financieros,30000.00,4856.96
2011,A la Administración del Estado,104379.35,120985.62
2011,A entidades locales,773347.74,764738.12
2011,A empresas privadas,0.00,1423.47
2011,A familias e instituciones sin ánimo de lucro,356342.00,297882.24
2011,Al exterior,6000.00,2394.96
2011,Fondo de contingencia,0.00,0.00
2011,Inversión nueva en bienes e infraestructuras de interés general,225293.36,219321.92
2011,Inversiones en reposición de infra. destinados al uso general,217132.20,203923.10
2011,Inversión nueva asociada al funcio. operativo de los servicios,307880.00,327111.98
2011,Inversión de reposición asoc al funcio operativo de los servicios,61005.00,366940.07
2011,Gastos e inversiones de carácter inmaterial,0.00,0.00
2011,Gastos e inversiones de bienes patrimoniales,0.00,0.00
2011,A la Administración del Estado,0.01,0.00
2011,A la Administración general de la CCAA,0.00,0.00
2011,Vehículos,0.00,0.00
2011,Concesión de préstamos fuera del sector primario,36000.00,4902.96
2011,Adquisición de acciones y participaciones fuera del sector público,0.00,0.00
2011,Amortización de ope. Y prestamos en curso,329670.35,325715.57
2010,Órganos de gobierno personal directivo,100847.74,83669.80
2010,Personal funcionario,1225177.16,907572.36
2010,Personal laboral,2004411.79,2530363.32
2010,Incentivos al rendimiento,132450.90,25777.99
2010,"Cuotas, prestaciones y gastos sociales a cargo del empleador",1080063.36,1096589.44
2010,Arrendamientos y cánones,15220.00,4681.59
2010,"Reparaciones, mantenimientos y conservación",313100.00,251725.76
2010,"Material, suministros y otros",3183444.78,3026004.61
2010,Indemnizaciones por razón de servicio,54400.00,38789.63
2010,Gastos de edición y distribución,0.00,0.00
2010,Trasbajos realizados por AAPP. Y EEPP,0.00,0.00
2010,Trabajos realizados por instituciones sin fines de lucro,132500.00,37789.26
2010,De préstamos y otras operaciones financieras,154377.00,69414.85
2010,Intereses de demora y otros gastos financieros,13780.19,1947.23
2010,A la Administración del Estado,50000.00,11065.81
2010,A entidades locales,774664.38,493490.00
2010,A empresas privadas,0.00,0.00
2010,A familias e instituciones sin ánimo de lucro,381434.00,349291.77
2010,Al exterior,8000.00,1452.00
2010,Fondo de contingencia,0.00,0.00
2010,Inversión nueva en bienes e infraestructuras de interés general,0.00,1286287.15
2010,Inversiones en reposición de infra. destinados al uso general,409485.00,1067202.99
2010,Inversión nueva asociada al funcio. operativo de los servicios,811220.82,1102665.82
2010,Inversión de reposición asoc al funcio operativo de los servicios,320179.58,717875.94
2010,Gastos e inversiones de carácter inmaterial,0.00,42250.00
2010,Gastos e inversiones de bienes patrimoniales,0.00,0.00
2010,A la Administración del Estado,1.00,0.00
2010,A la Administración general de la CCAA,0.00,0.00
2010,Vehículos,0.00,12000.00
2010,Concesión de préstamos fuera del sector primario,36000.00,16562.60
2010,Adquisición de acciones y participaciones fuera del sector público,0.00,0.00
2010,Amortización de ope. Y prestamos en curso,266329.35,265555.05
